comments															Gender	Age	likes	share
Awe-inspired by the grandeur of an ancient cathedral's intricate architecture.															Male	45	20	1
Awe-struck by the grandeur of an ancient cathedral's intricate architecture.															Female	47	25	1
Walking the Great Wall of China, each step a testament to ancient engineering marvels. 															Male	48	36	1
Euphoria floods in as the final puzzle piece clicks into place.															Female	45	54	1
Euphoria floods in as the final puzzle piece fits perfectly.															Male	46	87	1
Exploring the ancient ruins of Angkor Wat, each stone whispering stories of Khmer civilization. 															Male	47	69	1
Heartfelt gratitude for the laughter shared during a family reunion.															Male	49	100	1
Heartfelt gratitude for the laughter shared during a family reunion.															Female	47	54	1
Sailing the azure waters of the Maldives, each wave a whisper of serenity in paradise. 															Male	29	68	0
Cruising the fjords of Norway, each icy landscape a breathtaking masterpiece of nature's grandeur. 															Male	31	79	0
Witnessing a record-breaking marathon, spectators are filled with awe and admiration for the endurance and dedication of the runners. 															Male	31	74	0
At the golf tournament, the golfer's precision and focus lead to a stunning victory, leaving spectators in awe of their exceptional skill. 															Female	27	137	1
At a U2 concert, the anthemic chords of 'With or Without You' create a timeless moment of connection. 															Female	21	160	0
Whispers of inspiration from the rustling leaves in a serene forest.															Female	28	440	0
Whispers of inspiration from the rustling leaves in a serene forest.															Male	27	99	0
At the summit of Machu Picchu, a breathtaking panorama that whispers the secrets of ancient civilizations. 															Male	35	445	0
Dancing to Shakira's rhythmic beats, hips swaying to the hypnotic charm of 'Hips Don't Lie'. 															Female	33	452	0
Amazed by the architectural marvels of Petra, each stone telling tales of an ancient civilization. 															Male	30	222	0
Swaying to the reggae vibes of Bob Marley's tribute concert, each chord a journey to Jamaica's soul. 															Female	26	422	0
Harmony resonates as musicians play a melody of unity and togetherness.															Female	27	522	0
Embarking on a culinary adventure, savoring exotic flavors around the world. 															Female	27	552	0
Harmony resonates as musicians play a symphony of unity.															Female	33	755	0
Embarking on a culinary odyssey, savoring flavors around the world. 															Male	35	421	0
In the heart of a bustling market, the street food connoisseur indulges in a culinary adventure, savoring diverse flavors and aromas. 															Male	30	87	0
Disgust at the corruption that stains society.															Female	28	654	0
Excited about the upcoming weekend getaway!															Male	23	987	0
 Drifting through the day with a nonchalant demeanor, embracing the art of indifference. 															Male	25	321	0
Loneliness creeps in as the night grows colder.															Female	27	159	0
 Anxiety grips my chest, a relentless grip on my thoughts.															Male	30	785	1
 The complex puzzle of life leaves me in a state of perpetual confusion, seeking answers in the chaos. 															Female	31	121	0
 An impenetrable numbness shields me from the emotional storms, a fortress of stoic resilience. 															Female	24	42	0
Exploring the city's hidden gems.															Female	18	53	0
New book release from my favorite author!															Female	29	54	0
 Anxiety grips my heart, worry clouds my thoughts.  															Female	35	75	0
Regret over missed opportunities haunts my thoughts.															Female	27	45	0
 Frustration escalates, a thunderstorm of emotions. 															Female	24	36	0
 A tapestry of conflicting feelings, weaving through uncertainty, caught in the threads of ambivalence. 															Female	23	357	0
 Bitterness festering like a venomous vine, entwining the soul in a web of resentment, poisoning the garden of peace. 															Male	28	542	0
 Melancholy as a companion, painting the canvas of life with the brushstrokes of wistful yearning. 															Male	22	874	0
 Fearful whispers in the dark, the mind haunted by the specter of the unknown, shadows dancing to the rhythm of anxiety's tune. 															Female	32	985	0
 In the embrace of the autumn breeze, leaves of ambivalence dancing in a waltz between choices and uncertainties. 															Male	27	652	0
 Embraced by the hopeful dawn, a gardener sowing seeds of optimism, tending to the blooms of a brighter tomorrow. 															Male	25	541	0
 Whispering tales of inspiration to the stars, a storyteller crafting constellations from the threads of imagination. 															Female	23	325	0
 Embraced by the hopeful dawn, a gardener sowing seeds of optimism, tending to the blooms of a brighter tomorrow. 															Male	32	214	1
 Whispering tales of inspiration to the stars, a storyteller crafting constellations from the threads of imagination. 															Female	59	658	0
 Apprehensive steps on the tightrope of uncertainty, a balancing act where the fall seems inevitable, anxiety a constant companion. 															Male	24	547	0
 Dismissive glances, a fortress built with indifference, walls impenetrable to the pleas of understanding and recognition. 															Male	24	42	0
 Frustrated attempts to mend a broken connection, the threads of understanding slipping through the fingers like grains of sand. 															Female	23	75	0
Experiencing cyberbullying. Hateful messages online are disheartening.															Female	22	86	0
Sunday brunch with friends.															Female	31	95	0
Celebrating a friend's birthday tonight! ðŸŽ‚															Male	25	84	0
Calmness prevails as I practice mindfulness.															Female	24	73	0
Shame for not being true to my values in a difficult situation.															Female	20	72	0
Empowered to make a difference in my community.															Female	33	71	0
The euphoria of a surprise birthday celebration.															Male	32	93	0
Empowerment through mentoring and guiding others.															Male	34	741	1
 Loneliness in a crowded room, a silent cry for connection.															Male	18	852	0
 Embracing the ebb and flow of life, finding acceptance in the dance of existence. 															Female	22	963	0
 Entangled in the web of thoughts, confusion reigning as I navigate the labyrinth of ideas. 															Female	28	354	0
 Extending a hand, empathetic threads weaving a tapestry of understanding, embracing the joys and sorrows of others. 															Female	26	267	0
 Bathed in the glow of inspiration, a creative phoenix rising from the ashes of ordinary thoughts to explore new realms. 															Male	30	200	0
 Bitterness, a bitter chill in the air, freezing moments into icicles of resentment that dangle precariously over the landscape of memory. 															Male	39	300	0
 Jealousy, a festering wound, the pain intensifying with each glance at the garden of others' achievements, blooming beyond the fence. 															Male	20	100	0
Late-night gaming session with friends.															Male	35	321	0
Weekend road trip to explore scenic views.															Female	30	210	0
The state of the world's environment is just disgusting.															Female	31	350	1
An amusing incident brightened up my day!															Male	24	740	0
The state of corruption in our society is utterly disgusting.															Female	28	84	0
Amused by the antics of my petâ€”it's pure amusement!															Male	26	420	0
 Meditating by the serene lake, finding inner peace.   															Male	35	952	0
Reverence for the beauty of a historic landmark.															Male	22	740	0
Reverence for the artistry displayed in a museum.															Female	30	640	0
Hopeful about the potential for personal growth.															Male	26	350	0
Feeling blessed for the supportive community in times of need.															Female	29	740	0
Surprise and delight at discovering a hidden gem in the city.															Female	29	420	0
Melancholy lingers, a bittersweet serenade in the quietude of solitude. 															Female	35	431	0
Swept away by the river of regret, the currents of the past refusing to release. 															Female	35	211	0
Swaying to Ed Sheeran's acoustic melodies, a serene evening filled with 'Perfect' moments. 															Male	28	42	1
Connecting with the melody of a live orchestra, the music enthusiast experiences a symphony that resonates deep within the soul. 															Male	35	79	0
Spontaneously booked a weekend getaway. Adventure awaits! #TravelBug #WeekendEscape															Female	28	370	0
Exploring the art of meditation, finding tranquility in the stillness of the mind. #MeditationJourney #TranquilMind 															Male	27	88	0
Joined a nature photography club, capturing the beauty of the great outdoors. Every click is a connection to nature. #NaturePhotography #SeniorPhotographer 															Male	28	59	0
Enrolled in a dance class for seniors, moving to the rhythm of life. Age is just a number on the dance floor. #DanceClass #SeniorDancer 															Female	32	860	0
Joined a seniors' astronomy club, stargazing and finding wonder in the vastness of the cosmos. #AstronomyClub #SeniorStargazer 															Female	33	741	1
Hosting a sleepover with friends this weekend. Preparing for a night of laughter and memories!															Female	19	211	0
Received a not-so-great grade on a major project. Academic frustration setting in.															Male	21	422	0
Facing rejection from a dream college. Disheartened but determined to explore other paths.															Female	26	423	0
Sharing favorite book recommendations with classmates. Building a mini book club.															Male	27	223	0
Just finished a challenging workout routine.															Male	26	74	0
Arousal of excitement for an upcoming festival.															Female	38	80	0
 A fiery determination burning within, fueled by the vision of reaching unparalleled heights. 															Female	39	710	0
 Determination ablaze, forging a path through challenges, sculpting dreams into tangible realities. 															Female	37	710	0
Lost in the pages of a captivating novel, transported to another world. 															Male	38	610	0
In the garden of broken dreams, petals fall, a silent testimony to shattered hopes. 															Male	37	550	0
Planning a surprise scavenger hunt for friends. Anticipating the thrill and excitement!															Male	42	800	0
Had a bad day at school. Everything seems to be going wrong.															Male	40	514	0
Missing out on a long-anticipated event due to unexpected circumstances. A day filled with sadness.															Male	35	750	0
Volunteering at a local charity event to give back to the community. Contributing to social causes.															Male	36	520	0
Collaborating on a science project that received recognition at a regional fair. Science triumphs and smiles!															Male	40	64	0
Feeling a sense of despair after a major project failure. Hard work didn't pay off this time.															Male	41	78	0
Exploring a new hiking trail with friends over the weekend. Nature, laughter, and good vibes! 															Female	36	95	0
Participating in a multicultural festival, celebrating diversity with music, dance, and delicious food! 															Male	37	96	0
Quality time with family this weekend.															Female	40	82	0
Starting a new fitness challenge tomorrow! ðŸ’ª															Male	35	71	0
Overflowing with adoration for my adorable pet! ðŸ¾															Female	41	73	0
Overflowing adoration for a cute rescue puppy! ðŸ¶															Female	39	4	0
Serenity found in the pages of a favorite book.															Male	42	400	0
 Curiosity driving the exploration of the unknown, a seeker of knowledge in uncharted territories. 															Male	26	600	0
 A free spirit soaring on the wings of dreams, leaving trails of independence in the azure sky of boundless possibilities. 															Male	30	628	0
 A free spirit soaring on the wings of dreams, leaving trails of independence in the azure sky of boundless possibilities. 															Female	26	12	0
Nostalgia hits while flipping through an old photo album.															Male	31	65	0
Tears fall like raindrops, mourning the end of a cherished friendship. 															Male	33	74	0
A soul adrift in the sea of solitude, waves of loneliness crashing relentlessly. 															Male	30	40	0
Rocking out to the guitar solos at a Queen tribute concert, a journey back in time with Freddie's spirit. 															Female	21	680	0
Amidst the pages of a captivating mystery novel, the reader unravels clues and secrets, experiencing a thrilling journey of suspense and revelation. 															Female	28	550	0
Spent an hour choosing the perfect filter for a selfie. The struggle for that Instagram aesthetic is real. #SelfieQueen #TeenVibes															Male	23	630	0
Attended a vintage car show, reminiscing about the classics that once ruled the roads. Nostalgia in every rev. #VintageCars #ClassicRides 															Female	20	820	0
Started a book club for seniors, where discussions are as lively as the characters in the novels. #BookClub #SeniorReaders 															Male	30	701	1
Started a blog sharing the wisdom gained through the years, proving that every day is a chance to learn and grow. #SeniorWisdom #Blog 															Female	28	590	0
Accidentally spilled paint in art class. Abstract art, right? #ArtClassAdventures #HighSchoolArtist 															Male	19	250	0
Accidentally liked my crush's old photo while stalking their profile. Awkward level: Maximum!															Male	19	532	0
Tried a magic trick to impress classmates. Magic fail: Where did that rabbit go?															Female	18	644	0
Organizing a movie marathon with friends. Popcorn and cinematic adventures await!															Male	35	578	0
Attending a school club meeting to explore new interests. Dabbling in extracurricular activities.															Male	30	654	0
Creating a beautiful mural with fellow art enthusiasts. The power of collaboration and creativity!															Female	34	321	0
Attempting to impress the teacher with an elaborate science experiment. Science geek mode: Activated!															Female	24	987	0
Trying out a new smoothie recipe for a healthy start to the week. Smoothie enthusiast: Level up!															Female	27	147	1
Dealing with unfounded rumors circulating about personal life. Rumors can be hurtful.															Female	41	258	0
Embarking on a mission to find the best burger joint in town. Burger connoisseur: Reporting for duty!															Male	29	369	0
Confusion clouds my mind as I navigate through decisions.															Male	20	685	0
Confusion reigns as I try to make sense of recent events.															Female	26	214	0
 A moment of tenderness, connecting with loved ones.    															Male	41	258	0
Tenderness in the warmth of a cozy winter evening.															Male	31	364	0
Tenderness in a heartfelt message to a loved one.															Female	36	102	0
Elation after achieving a fitness milestone.															Male	40	105	0
In the garden of contentment, each bloom whispers tales of inner peace and joy. 															Female	31	204	0
Exploring the world of coding. Debugging is an adventure on its own! #CodingJourney #HighSchoolCoder															Male	46	309	0
Exploring a new hobby of photography during free time. Capturing moments through a lens.															Male	29	45	0
Celebrating a friend's birthday with a surprise party. Joyful moments and laughter all around!															Male	26	87	0
Contemplating life's mysteries under the starry night sky.															Female	32	95	1
Appreciation for the vibrant culture experienced during travel.															Male	32	62	1
Pride in achieving a personal milestone in career progression.															Male	25	900	0
Spellbound by the elegance of a ballroom dance under crystal chandeliers.															Female	37	33	0
Dazzled by the elegance of a masquerade ball's dazzling costumes.															Male	35	38	0
In the tennis grand slam, a fierce rivalry unfolds, captivating fans with a display of skill and sportsmanship on the world stage. 															Female	33	96	0
Survived a group project without any drama. Miracles do happen. #GroupProjectSuccess #TeenAchievements															Female	18	86	0
Decided to learn a new instrument. Day one: Still trying to figure out how to hold it. #MusicNovice #LearningJourney															Female	22	55	0
Reflecting on a lifetime of memories, each wrinkle tells a story. Embracing the beauty of aging. #LifeReflections #BeautyInAging 															Female	35	71	0
Reconnecting with old friends over a cup of tea. Friendship, the true essence of companionship. #OldFriends #Companionship 															Male	29	714	1
Sipping on a favorite vintage wine, each sip telling a story of the years gone by. Cheers to a life well-lived. #WineLover #VintageCheers 															Female	29	47	0
Joined a writing group, penning down thoughts and reflections. Writing, a journey into the depths of the soul. #WritingGroup #SeniorWriter 															Male	21	88	0
Embarked on a hiking adventure, conquering trails and relishing the beauty of nature. Age is just a number on the mountaintop. #HikingAdventure #SeniorHiker 															Male	34	711	0
Spent hours perfecting a chemistry experiment. Mixing potions like a wizard!															Female	26	118	0
Overflowing happiness: welcoming a new family member!															Female	34	43	0
Pride in completing a challenging fitness challenge.															Female	34	72	0
Inspiration strikes while observing the colors of a vibrant sunset.															Female	23	280	0
In the symphony of excitement, each note is a burst of energy, igniting the soul with fervor. 															Female	35	47	0
Experiencing the magic of a Coldplay concert, where 'Fix You' becomes a beacon of hope in the night. 															Male	25	22	0
Immersed in the soulful melodies of Adele, tears flow freely, moved by the emotion of 'Hello'. 															Male	24	23	0
Facing a defeat in the championship, the boxer reflects on the challenges, vowing to return stronger and more determined in the next bout. 															Female	31	34	0
Discovered a new book series and spent the whole night reading. Who needs sleep, anyway? #BookwormLife #LateNightReading 															Male	26	16	0
Embarking on a journey of learning a new language. The mind stays young with every new word. #LanguageLearning #NeverTooLate															Female	31	71	0
Attended a lecture on history, always fascinated by the lessons from the past. Learning is a lifelong adventure. #HistoryLecture #SeniorLearning 															Female	32	117	1
As the credits roll, a profound sense of nostalgia washes over, reminiscent of cherished moments in classic films. 															Male	33	43	0
Embarked on a DIY home decor project. Let's hope it turns out better than last time. #DIYAdventure #TeenHomeDecor															Female	33	60	0
Attended a wine tasting event, savoring the richness of flavors that age like fine wine. Cheers to the golden years! #WineTasting #SeniorWineLover 															Male	31	66	0
Got my hands on the latest fantasy novel. Diving into realms of magic and adventure!															Female	20	82	0
Suffering from despair after another setback.															Female	33	41	0
Winter blues got me feeling low.															Male	35	722	0
 Jealousy poisons my thoughts, resentment brewing within.															Male	28	320	0
Frustration mounts as obstacles block my path.															Male	24	84	0
 Drowning in despair, hope slipping through my fingers.															Female	19	260	0
 Revisiting old photographs, caught in the embrace of nostalgia's bittersweet symphony. 															Male	29	430	0
 Immersed in a state of emotional numbness, a shield against the storm of daily struggles. 															Male	19	700	0
 Frustration boils over, a volcanic eruption of emotions.															Male	28	890	0
Regret for decisions that led to a painful present.															Male	34	432	0
 Leafing through the pages of an old photo album, nostalgia weaving tales of laughter and tears. 															Female	30	792	0
 Navigating the sea of hope, sailing towards the sunrise of possibilities, confident in the ship of positive anticipation. 															Female	20	36	0
 Melancholy painting the world in hues of nostalgia, a canvas of bittersweet memories. 															Male	26	82	0
Enjoying a beautiful day at the park!															Male	35	52	0
The new movie release is a must-watch!															Male	35	12	0
Exploring the world of virtual reality.															Male	49	45	0
Exploring local art galleries this weekend.															Female	39	75	1
Feeling a sense of fear after watching a thriller movie.															Female	41	54	0
Sending affectionate vibes to all my followers!															Female	58	521	1
The fear of the unknown is keeping me up at night.															Female	47	851	0
Sending affectionate vibes to friends and family.															Female	55	785	1
The victory of our team brought euphoria to the city.															Female	52	52	0
Enthusiastically diving into a new project.															Female	40	54	1
The euphoria of a live music concert under the stars.															Female	46	47	0
Enthusiasm for a new artistic project in the works.															Female	48	62	1
The euphoria of a successful product launch.															Male	52	85	1
 Embarking on a journey of discovery, fueled by curiosity and a thirst for knowledge. 															Female	59	92	0
 Dancing through life with the exuberance of a carefree spirit, embracing joy and zest at every turn. 															Male	35	821	0
 Wandering through the desert of loneliness, each step a heavy sigh, mirages of connection shimmering but never materializing. 															Male	47	745	0
Confidence soars after overcoming public speaking anxiety.															Female	60	96	1
Drowning in sorrow as memories of lost love resurface.															Male	49	35	0
Successfully avoided eye contact with my crush in the hallway. Mission accomplished. #TeenCrush #StealthMode															Male	40	37	0
Mastered the art of creating paper airplanes during lecture. Paper planes: Soaring to new heights!															Female	46	68	0
Reflecting on the challenges of the school year. Feeling a bit overwhelmed with assignments.															Male	59	24	1
 With empathy as a lantern, wandering through the dark alleys of sorrow, illuminating the path with compassion and care. 															Female	41	16	0
 With empathy as a lantern, wandering through the dark alleys of sorrow, illuminating the path with compassion and care. 															Male	35	15	1
 Jealousy, a green-eyed monster, lurking in the shadows, casting a dark cloud over the sunshine of others' success. 															Male	37	195	1
Accidentally walked into the wrong classroom on the first day. Classroom mix-up: Awkward start!															Male	60	184	1
Encountering online toxicity during a gaming session. Hateful comments can ruin the fun.															Female	35	17	0
 Unveiling the layers of curiosity, a labyrinth of questions leading to the treasure troves of undiscovered knowledge. 															Male	37	48	0
Accidentally sent a love letter to the wrong person. Love note fail: Maximum embarrassment!															Female	36	21	1
Feeling down after not making the sports team. Disappointment lingers.															Male	56	35	1
Attending a live music concert tonight.															Female	40	24	0
Sunday bike ride through scenic trails.															Female	42	28	1
A bitter experience turned into a valuable lesson.															Female	35	26	1
Bitter experience at the customer service department.															Male	39	24	0
Excitement for a quiet evening with a good book.															Male	40	29	1
Compassion towards those in need during the holidays.															Male	49	27	1
Compassion in volunteering for a local charity.															Female	38	28	0
Reverence for the wonders of nature on a hiking trail.															Male	46	35	1
 Determination burning like a wildfire, overcoming obstacles, turning dreams into reality. 															Male	40	34	0
 Loneliness, a solitary moon in a starless sky, casting a cold glow on the landscape of isolation, where echoes bounce in empty spaces. 															Female	37	65	0
In the labyrinth of grief, the walls echo with the footsteps of lost joy. 															Female	46	64	0
In the audience of a Jay-Z performance, the lyrics of 'Empire State of Mind' become an anthem of pride. 															Female	53	68	1
At the Oscars, the actor graciously accepts an award, radiating joy and gratitude for the recognition of their outstanding performance. 															Male	42	97	1
Cheering for the underdog in the basketball finals, the crowd erupts in applause as the team defies odds to claim the championship title. 															Male	38	87	0
In the golf tournament, a missed crucial putt results in defeat, causing the golfer to reflect on the pressure of high-stakes competition. 															Female	50	88	1
At the astronomy observatory, the stargazer marvels at the vastness of the cosmos, contemplating the mysteries hidden within the celestial expanse. 															Female	56	401	1
Staring at the clock in class, waiting for the bell to ring like it's the most exciting event of the day. #ClassCountdown #TeenLife 															Female	41	740	0
Accidentally sent a text meant for a friend to the class group chat. Texting fail: Oops moment!															Female	51	146	1
Perfecting the art of creating origami during a dull lecture. Origami mastery: A+!															Female	35	500	0
Caught in a torrential rainstorm without an umbrella. Today's weather is just bad luck.															Female	57	122	1
Collaborating on a group project to promote teamwork and shared responsibilities. Group effort in action.															Male	41	52	0
Crafting intricate friendship bracelets for the whole squad. Friendship level: Expert weaver!															Female	35	97	1
Participating in a science fair to showcase a unique experiment. Sharing knowledge with peers.															Female	44	39	0
Just finished an amazing workout! ðŸ’ª															Male	37	54	0
Reflecting on the past and looking ahead.															Female	48	544	1
Cooking a special dinner for loved ones.															Female	37	45	1
Admiring the beauty of nature during a peaceful hike.															Female	50	74	0
Anticipating a thrilling adventure in the coming weeks.															Female	52	90	1
Kindness witnessed today restored my faith in humanity.															Female	41	72	0
Admiring the dedication of volunteers at a local charity.															Male	40	57	0
Witnessed an act of kindness that made my day.															Female	58	95	1
Elation over discovering a hidden gem in the city.															Female	45	130	1
 Curiosity leading me down the rabbit hole of knowledge, a perpetual student in life's classroom. 															Female	35	772	0
 Determination as the driving force, propelling me forward on the path to extraordinary achievements. 															Male	36	144	1
 A heart overflowing with gratitude, a garden where appreciation blooms in the soil of kindness and connection. 															Female	55	125	1
 Envious eyes fixated on the gilded prize, a heartache fueled by the painful desire for possessions that seem forever out of reach. 															Female	35	754	0
 Overwhelmed by the cacophony of expectations, a drowning soul in the tempest of pressure, struggling to stay afloat. 															Male	48	90	1
 Envious gazes cast upon the podium of success, a bitter pill swallowed, the taste lingering as a constant reminder of unattained heights. 															Female	42	108	1
 Envious eyes locked on the treasure chest of opportunities, a heartache fueled by the desire for keys that seem forever elusive. 															Male	40	75	0
Whimsical delight in a world of fairy tales and magical creatures.															Male	37	74	0
Whimsical delight in a world of whimsical fairy tales.															Female	47	144	1
Sinking in the quicksand of despair, the harder you fight, the deeper you descend. 															Male	40	61	0
Lost my headphones again. How do they vanish into thin air? #HeadphoneMystery #TeenLife															Female	43	133	0
Got dressed for the day, then remembered it's Saturday. Oops. #WeekendVibes #TeenStruggles 															Female	59	76	1
Caught up on the latest fashion trends and now planning a shopping spree. #Fashionista #TrendyTeen															Male	60	42	1
Spent the afternoon at a museum, pretending to be cultured. Art enthusiast in the making. #MuseumDay #TeenArtLover 															Male	39	106	1
Joined a community choir, harmonizing with fellow voices. Music creates bonds that withstand time. #CommunityChoir #HarmonyInAging 															Female	57	26	1
Rediscovered the joy of cooking traditional family recipes. The kitchen, a place of cherished memories. #FamilyRecipes #SeniorCooking 															Male	57	74	1
Participated in a local theater production, proving that the stage belongs to every age. #TheaterProduction #SeniorActor 															Male	38	71	0
Started learning ballroom dancing, gliding gracefully across the dance floor. Ageless elegance in every step. #BallroomDancing #SeniorDancer 															Male	49	88	1
Survived a challenging physics exam. Equations, you won't defeat me! 															Female	52	38	1
Bonding with friends over the latest K-pop sensation. Fangirling at its finest!															Female	50	86	1
Mastering the art of the perfect doodle during boring classes. Doodles: A+!															Female	59	21	1
Creating a secret handshake with friends. Friendship level: Expert!															Male	35	61	0
Experimenting with a new hair color. A bold change for a bold semester!															Male	37	70	1
Experimenting with a new recipe for a school bake sale. Baking adventures in the kitchen.															Female	52	21	1
Just published a new blog post. Check it out!															Male	48	141	0
Reflecting on the importance of mental health.															Female	37	93	1
Kindness witnessed today restores my faith in humanity.															Female	37	62	0
 Hopeful for a brighter tomorrow, despite challenges.  															Female	48	135	1
 Overwhelmed by the maze of expectations, a minotaur of pressure lurking in the labyrinth, waiting to devour the spirit of resilience. 															Male	41	79	0
Swinging to the rhythms of a Frank Sinatra tribute, feeling the timeless charm of 'Fly Me to the Moon'. 															Female	37	78	1
Drenched in confetti at a Katy Perry concert, a kaleidoscope of colors igniting the night sky. 															Male	39	134	1
Rocking out at a Guns N' Roses show, the iconic riffs of 'Sweet Child o' Mine' echoing in the night. 															Male	49	98	1
Bought a new video game, played for hours, forgot to eat. The ultimate gaming session. #GamerLife #NoFoodGaming 															Male	55	45	1
Rediscovered childhood cartoons and had a nostalgia-filled marathon. #CartoonNostalgia #TeenMemories															Male	37	2	0
Started a photography club at school. Capturing moments, one snapshot at a time! 															Female	35	411	0
Dealing with a personal setback. Sometimes life throws unexpected challenges.															Female	36	565	0
 Proudly scaling the peaks of achievement, a mountaineer conquering challenges and planting the flag of success. 															Male	42	865	1
 Proudly scaling the peaks of achievement, a mountaineer conquering challenges and planting the flag of success. 															Female	43	87	1
 Proudly scaling the peaks of achievement, a mountaineer conquering challenges and planting the flag of success. 															Male	45	45	0
Trying out a new study technique for upcoming exams. Exploring different learning strategies.															Male	46	63	1
Participating in a school-wide art exhibition. Witnessing creativity and spreading positive vibes!															Female	58	145	1
Experiencing hate comments for expressing personal opinions. Online negativity prevails.															Male	48	78	1
Exploring a new part-time job opportunity for gaining work experience. Career development in progress.															Female	37	95	1
Successfully completing a challenging coding project. Excitement for overcoming coding hurdles!															Male	37	63	1
Organizing a virtual talent show during challenging times, bringing smiles to classmates' faces! 															Female	40	24	0
Attending a virtual conference on AI.															Male	42	37	0
Feeling inspired after attending a workshop.															Female	51	47	0
Planning a garden makeover for spring.															Female	47	43	1
A surprise gift from a friend made my day!															Male	36	652	1
Enjoying every moment of this tripâ€”pure enjoyment!															Female	38	189	0
A surprise visit from an old friend brought tears of joy.															Female	42	700	0
Empowerment through learning and personal growth.															Male	39	69	1
Elation after achieving a personal goal.															Female	38	500	0
 Basking in the serenity of a quiet forest, where the whispers of nature bring peace to the soul. 															Female	49	412	1
 Immerse in the serenity of a moonlit night, where the quiet whispers of nature bring peace to the soul. 															Female	39	545	0
 Playfully juggling responsibilities, a circus performer balancing the acts of work and joy, tossing laughter into the air. 															Female	39	455	1
 Playfully juggling responsibilities, a circus performer balancing the acts of work and joy, tossing laughter into the air. 															Female	54	452	1
Overwhelmed by the support received during a personal challenge.															Male	35	444	0
Admiration for the intricate details of a handcrafted masterpiece.															Male	45	74	1
Satisfaction derived from successfully completing a DIY project.															Male	36	42	0
Tears, the currency of grief, spent in the marketplace of lost love and longing. 															Female	52	85	1
In the embrace of the Grand Canyon, nature's masterpiece, a moment to marvel at Earth's grandeur. 															Female	53	55	1
At a Michael Jackson tribute show, moonwalking through the hits, a celebration of the King of Pop. 															Male	41	552	0
Successfully cooked a gourmet meal for the family. Chef skills unlocked! #ChefMode #TeenChef															Female	48	552	1
Savoring the flavors of a home-cooked meal. Simple joys are the heart of happiness. #HomeCooking #SimpleJoys															Female	48	654	1
Taking a stroll in the garden, appreciating the beauty of blooming flowers. Nature's wonders never cease. #GardenWalk #FloralBeauty 															Female	41	74	0
Attended a jazz concert and swayed to the rhythm of timeless tunes. Music, a constant companion in the golden years. #JazzConcert #SeniorMusic 															Male	41	45	0
Visited an art gallery, appreciating the brushstrokes that tell tales of creativity. Art, an eternal companion. #ArtGallery #SeniorArtLover 															Female	42	42	0
Joined a seniors' cycling club, feeling the wind in my hair and the freedom of the open road. #CyclingClub #SeniorCyclist 															Male	36	55	1
Attended a local jazz festival, tapping toes to the tunes that have stood the test of time. Music, a lifelong love affair. #JazzFestival #SeniorMusicLover 															Female	47	555	1
Joined the drama club to unleash my inner actor. Lights, camera, action! 															Male	38	555	0
Spent hours on a TikTok dance, only to realize I have two left feet. Dance fail: Unleashed! 															Female	48	112	1
Got a flat tire on the way to an important meeting. Talk about a series of bad events!															Male	42	520	0
Attending a surprise birthday party organized by friends. Surrounded by love, laughter, and good company! 															Male	40	662	0
Winning a friendly sports competition against rival schools. Victory celebrations in full swing!															Male	57	652	1
 New year, new fitness goals! ðŸ’ª                    															Female	36	452	0
Awe-struck by the breathtaking sunrise over the mountains.															Male	58	362	1
Darkness descends, engulfing the soul in the shadows of despair.  															Male	35	210	0
Immersed in the pulsating beats of a Bruno Mars concert, where 'Uptown Funk' becomes a city of joy. 															Female	38	650	0
Convinced the teacher to have class outdoors. Learning equations with a side of fresh air!															Male	39	45	1
Hiding a snack stash in my backpack for emergency cravings. Snack ninja mode: Activated!															Female	53	21	1
Political discussions heating up on the timeline.															Male	35	5	0
Productive day ticking off my to-do list.															Female	38	96	0
Coding a new project with enthusiasm.															Female	47	54	1
Excited about the upcoming gaming tournament.															Male	47	327	1
Pure happiness: celebrating a loved one's achievement!															Female	41	54	0
Confusion surrounds me as I navigate through life's choices.															Male	53	68	1
Gratitude for the supportive community around me.															Female	54	98	1
Lost in the enchantment of Disneyland, each ride a journey into the realm of childhood fantasies. 															Male	39	99	0
In the crowd of a Taylor Swift concert, the lyrics of 'Love Story' create an enchanting fairy tale. 															Male	38	33	0
Embarked on a solo travel adventure, discovering the beauty of new places at my own pace. #SoloTravel #SeniorExplorer 															Female	38	55	1
Hosted a 'memory lane' evening with old friends, reminiscing about the adventures that shaped our lives. #MemoryLane #SeniorReminiscing 															Male	37	44	0
Sneaking snacks into class like a pro. The art of snack-smuggling is a sacred skill!															Female	42	76	1
Elation over discovering a rare book in a quaint bookstore.															Female	37	88	0
Dancing on sunshine, each step a celebration of the joy found in simple moments. 															Male	36	77	1
At the front row of Adele's concert, each note of 'Someone Like You' resonates with soul-stirring emotion. 															Male	60	11	1
Captivated by the spellbinding plot twists, the audience applauds, experiencing a rollercoaster of emotions at the movie premiere. 															Male	54	25	1
Underneath the city lights, the dancer expresses emotions through graceful movements, creating a mesmerizing performance under the night sky. 															Female	41	28	0
Feeling empowered after conquering a challenging hiking trail.															Male	40	32	1
Reflecting on personal growth achieved through life experiences.															Male	42	74	0
Wonderment at the beauty of a double rainbow after the rain.															Male	43	85	1
Inspired by the resilience of a lone tree standing tall in a storm.															Female	53	61	1
In the embrace of love, each heartbeat is a melody, dancing to the rhythm of affection. 															Female	47	94	1
In the heart of New York City, Times Square dazzles with lights, a vibrant spectacle of urban energy. 															Female	42	98	0
Dancing under the stars at BeyoncÃ©'s live show, feeling the power of 'Single Ladies' in every move. 															Male	42	35	1
In the mosh pit of a Metallica concert, the thunderous chords create a symphony of headbanging ecstasy. 															Female	59	35	1
In the spotlight at a Lady Gaga show, each costume change is a metamorphosis of creativity and artistry. 															Female	58	26	1
In the crowd of an Ariana Grande concert, the high notes of 'Into You' create a euphoric symphony. 															Male	46	16	1
At the Olympics, the athlete's perseverance shines through, earning a gold medal and inspiring a generation with their remarkable achievement. 															Male	38	102	0
In the tennis tournament, a highly anticipated player experiences a setback, leaving fans in shock and questioning the unforeseen turn of events. 															Female	54	320	1
Embarking on a spontaneous road trip, the traveler discovers hidden gems, creating memories that will be cherished for a lifetime. 															Female	60	452	1
Relishing a peaceful afternoon with a classic novel. Quiet moments are the best moments. #BookLover #PeacefulAfternoon															Male	60	364	1
Capturing the beauty of nature through photography. Every snapshot is a treasure. #NaturePhotography #SeniorPhotographer															Female	39	741	0
Embarking on a journey of writing a memoir, documenting a lifetime of experiences. Every story matters. #MemoirWriting #SeniorStories 															Male	59	854	1
Hosted a family dinner, where laughter echoed louder than the clinking of utensils. Family, the heart of happiness. #FamilyDinner #SeniorHost 															Female	37	965	0
Disgust at the sight of injustice and cruelty.															Female	46	365	1
 Jealousy gnaws at my confidence, a toxic emotion.  															Female	46	254	0
 A numbness settles over me, a shield against the overwhelming emotions life throws my way. 															Female	42	12	0
 Indifferent to the noise of the world, a silent observer in the midst of life's cacophony. 															Male	41	236	1
 Drifting through the day with an air of nonchalance, indifferent to the trivialities of life. 															Female	58	65	1
 Sinking in despair, each day darker than the last. 															Male	42	54	0
 Resentment festers, a wound that refuses to heal.  															Male	48	58	1
 Facing challenges head-on, a determination that fuels the fire within to achieve the impossible. 															Female	44	69	1
 Bitterness, a bitter aftertaste lingering on the tongue, each word a reminder of wounds that refuse to heal with the passing of time. 															Male	49	36	1
Jealousy consumes me as I witness others' success.															Female	57	25	1
 Melancholy whispers in the breeze, a silent conversation with the echoes of forgotten dreams. 															Male	56	41	1
 Flipping through the pages of an old yearbook, nostalgia painting smiles and tears on my face. 															Female	49	74	1
 Gazing towards the horizon with hopeful eyes, painting a canvas of dreams illuminated by the sun of optimism. 															Male	39	74	0
 Frustrated fingers tapping on the keyboard, a symphony of annoyance composing an unsolvable puzzle of unmet expectations. 															Male	47	10	1
 Embraced by the hopeful dawn, a gardener sowing seeds of optimism, tending to the blooms of a brighter tomorrow. 															Female	48	21	1
 Frustrated attempts to untangle the knot of confusion, the threads of understanding slipping further into the labyrinth of miscommunication. 															Male	48	352	1
Technology is changing the way we live.															Male	47	454	1
Enjoying a cup of tea and watching the sunset.															Female	45	55	1
Practicing mindfulness with meditation.															Male	60	454	1
Finding calmness in the midst of a busy day.															Female	39	555	0
A moment of shame for not standing up against injustice.															Female	46	985	1
Finding calmness amidst the chaos of daily life.															Male	51	55	1
A moment of shame for not speaking up against injustice.															Female	50	45	1
Gratitude for the support received during tough times.															Male	36	63	0
Intimidation by the unknown future ahead.															Female	49	421	1
